1,0.0003050472587347031,9.510782547295094e-05,9.295984636992216e-05,9.291945025324821e-05,9.397568646818399e-05,9.4949034973979e-05,9.199546184390783e-05,9.690620936453342e-05,9.307148866355419e-05,9.591062553226948e-05,0.01412810198962688,0.006670944858342409,0.006666889530606568,0.006683087558485568,0.006674984470009804,0.006657017744146287,0.006660117185674608,0.00667711382266134,0.006685901782475412,0.006718897842802107,2.203766038292088,2.213466945453547,2.250624095788226,2.21437308145687,2.219359084614553,2.202464999165386,2.242094045504928,2.21852906816639,2.188865080941468,2.232835029484704,0.00715089007280767,0.006898047984577715,0.006880901171825826,0.006846908596344292,0.006838102359324694,0.006867119111120701,0.006855030311271548,0.006810060585848987,0.006803027121350169,0.006839913898147643,0.006935928133316338,0.006695988238789141,0.006740994052961469,0.006634916760958731,0.006636978359892964,0.006687100161798298,0.006721932324580848,0.006698995362967253,0.006656096316874027,0.006656928919255733
2,0.0001619734102860093,0.0001509618014097214,0.0001550985034555197,0.00015197170432657,0.0001569339074194431,0.0001490340800955892,0.0001560108503326774,0.0001479620113968849,0.000156978378072381,0.0001520493533462286,0.0133710668887943,0.01326211506966501,0.01326110598165542,0.01320507866330445,0.01325898780487478,0.013265002053231,0.0132720647379756,0.01327507582027465,0.01324507861863822,0.01321111002471298,4.226926956325769,4.377249008161016,4.463298906455748,4.264332099584863,4.41148888762109,4.470100941485725,4.461786897853017,4.396636001532897,4.42863904510159,4.424383978359401,0.01381591986864805,0.01357711071614176,0.01348597544711083,0.01342910225503147,0.01347398280631751,0.01351692841853946,0.01353201747406274,0.0134640047326684,0.0136040230281651,0.01344096625689417,0.01346696657128632,0.01321200653910637,0.0132029470987618,0.01320910232607275,0.01316692167893052,0.01317909779027104,0.01321797433774918,0.01318891090340912,0.0133130238391459,0.01315099897328764
3,0.0002260580658912659,0.0002199674490839243,0.0002181136514991522,0.0002250700490549207,0.0002178974682465196,0.0002191062085330486,0.0002168822102248669,0.0002119058044627309,0.0002160873264074326,0.0002189951483160257,0.02003401680849493,0.01983193308115005,0.01979489403311163,0.01978293620049953,0.01980400888714939,0.0198040718678385,0.01978194725234061,0.01977193134371191,0.01980205974541605,0.01987810654100031,6.426624060724862,6.645697963773273,6.683845071704127,6.694197034812532,6.730329033918679,6.632495904923417,6.568069953122176,6.712495997198857,6.611509084817953,6.695241076056845,0.02032095345202833,0.02015699818730354,0.02013408718630672,0.02014991559553891,0.02020395651925355,0.02010603714734316,0.02013688487932086,0.02007100684568286,0.02011205884627998,0.02014501462690532,0.01988698763307184,0.01992406439967453,0.01976694888435304,0.01970108796376735,0.01983405416831374,0.01970907859504223,0.0197969782166183,0.01974290364887565,0.01974690135102719,0.02001495531294495
4,0.0002899436512961984,0.0002770192222669721,0.000278021558187902,0.000287056784145534,0.0002988927299156785,0.0002850869204849005,0.0002920101396739483,0.0002920565893873572,0.0002810012083500624,0.000278072664514184,0.02657600631937385,0.02647095639258623,0.02640900504775345,0.02633698040153831,0.02631089545320719,0.0264001099858433,0.02640811912715435,0.0263379734242335,0.02639888529665768,0.02638905623462051,8.653013082686812,8.763420890667476,8.7234389744699,8.79004509805236,8.850037047057413,8.747791092959233,8.740560995880514,8.82612294529099,8.946257106726989,8.977556052850559,0.02708500472363085,0.02694702974986285,0.02675610140431672,0.02682403440121561,0.02670690836384892,0.02667390776332468,0.02666009252425283,0.02672905114013702,0.02676609740592539,0.02667692920658737,0.02632091171108186,0.02645993477199227,0.02624788705725223,0.02630891709122807,0.02619909308850765,0.02624799415934831,0.02627200714778155,0.02638406283222139,0.02627291576936841,0.02625391620676965
5,0.0003600959898903966,0.0003448826028034091,0.0003380273701623082,0.0003480686573311687,0.0003459171857684851,0.0003478961298242211,0.0003380673006176949,0.0003441125154495239,0.0003520222380757332,0.0003510960377752781,0.03312806354369968,0.0331271089380607,0.0329739295411855,0.03298691078089178,0.03288499778136611,0.03288997674826533,0.03294396935962141,0.03290310048032552,0.0329270496731624,0.03299788513686508,10.74678111274261,11.00038591970224,11.00847108964808,11.05927791167051,11.06263804167975,11.01316101395059,11.11321788548958,10.94601902470458,10.84936993988231,11.11094991874415,0.03360596124548465,0.03327807132154703,0.03340689779724926,0.03346409799996763,0.03340695658698678,0.03344093658961356,0.03342301410157233,0.03332400333601981,0.03319599584210664,0.03344993118662387,0.0330270737176761,0.03282800945453346,0.03274204360786825,0.03286002320237458,0.03289395663887262,0.03284603473730385,0.03295294742565602,0.03276711876969784,0.03287790366448462,0.03283896949142218
6,0.0004270665813237429,0.0004020354244858027,0.0004059466300532222,0.000418101204559207,0.0004199406830593944,0.0004019408952444792,0.0004080884391441941,0.0003989879041910172,0.0004070538561791182,0.0004058824852108955,0.03973203175701201,0.03951604140456766,0.03940709144808352,0.0395958946319297,0.03958706522826105,0.03952099313028157,0.03952289547305554,0.03948890115134418,0.03941405296791345,0.03941588161978871,12.83742892579176,13.33819794945884,13.12387295684312,13.19109893240966,13.37491192447487,13.22393389442004,13.22725593566429,13.31622098886874,13.38219295779709,13.3122559254989,0.04049996379762888,0.03996110789012164,0.04003811278380454,0.03999296331312507,0.04000700602773577,0.04000806424301118,0.03993598103988916,0.039940903079696,0.03995802067220211,0.03997693269047886,0.03942710370756686,0.03941888851113617,0.03932888421695679,0.03938288835342973,0.03958296380005777,0.03954711486585438,0.0392370339250192,0.03940394916571677,0.03930094698444009,0.03936707030516118
7,0.0004819351015612483,0.000477071269415319,0.0004779971204698086,0.0004571187309920788,0.0004751146771013737,0.0004770284285768867,0.0004648917820304632,0.0004789603408426046,0.0004799548769369721,0.0004759898874908686,0.04626297124195844,0.04613702173810452,0.0460389475338161,0.04598604992497712,0.04600411816500127,0.04605993255972862,0.04597690887749195,0.04617300326935947,0.04607904423028231,0.04609608603641391,14.92526601091959,15.51022099948023,15.56791096169036,15.35993003938347,15.57859494141303,15.3421339658089,15.32341610395815,15.43027607258409,15.4255190041149,15.53752492612693,0.04682602186221629,0.04648010001983494,0.04651201120577753,0.04646191385108978,0.04662693140562624,0.04668511834461242,0.04648897587321699,0.04655206843744963,0.04658197378739715,0.04648109257686883,0.04582000942900777,0.04589103977195919,0.04600900295190513,0.04600697348359972,0.04595605167560279,0.04586906440090388,0.04586390207987279,0.04592500580474734,0.04592210880946368,0.0459110785741359
8,0.0005389776779338717,0.0005281118210405111,0.0005500578554347157,0.0005359356291592121,0.0005470354808494449,0.000544070964679122,0.0005359618226066232,0.0005319376941770315,0.000536948093213141,0.000558931496925652,0.05268303188495338,0.05272294802125543,0.05257205211091787,0.05265795032028109,0.0527770365588367,0.05248293315526098,0.05262893007602543,0.05260500544682145,0.05268100905232131,0.05272910429630429,17.31979702878743,17.75713489728514,17.6898721124744,17.47855594160501,17.67563210322987,17.75520792359021,17.64174610108603,17.51919092563912,17.88104791997466,17.79418909305241,0.05347002798225731,0.0532378958305344,0.05330199899617583,0.05309789045713842,0.05332701618317515,0.05324301321525127,0.05322196986526251,0.05322700401302427,0.05324810731690377,0.05312897660769522,0.05249900510534644,0.05263003951404244,0.05237111425958574,0.0525430457200855,0.05236405122559518,0.05241597152780741,0.05243195535149425,0.05237093637697399,0.05263805878348649,0.05242294538766146
9,0.0005981073481962085,0.0005870183231309056,0.0005839692894369364,0.0005920010153204203,0.0005971051286906004,0.0006000503199175,0.0006020136643201113,0.0006049835355952382,0.0005898851668462157,0.000605017296038568,0.05939908011350781,0.0591020577121526,0.059049061848782,0.05932494101580232,0.05928103835321963,0.05912093038205057,0.05921198648866266,0.05910004896577448,0.05926601716782898,0.05904689058661461,19.10795306391083,19.85559992585331,19.94612609734759,19.97969988768455,19.8596489004558,19.71127110917587,19.89977808936965,19.98136406275444,19.84355709177908,20.13814402546268,0.06006693129893392,0.05979794496670365,0.05967902601696551,0.05984999693464488,0.05979010881856084,0.05986702081281692,0.05993292096536607,0.05996896396391094,0.05977993167471141,0.05961692216806114,0.0590661047026515,0.05906410771422088,0.05893192125950009,0.05913594586309046,0.0591399009572342,0.05907399579882622,0.05910009238868952,0.05910089577082545,0.05910797568503767,0.05895899818278849
10,0.0006770598702132702,0.0006498843431472778,0.0006599738262593746,0.0006819122936576605,0.0006800062255933881,0.0006629509152844548,0.0006391062634065747,0.0006629560375586152,0.0006530754035338759,0.0006579174660146236,0.06620502332225442,0.06567988859023899,0.06570001086220145,0.06578001473098993,0.06585006241220981,0.06578988849651068,0.06565188569948077,0.06575089355465025,0.06559907295741141,0.06574405392166227,21.56894506409299,22.11960202653427,22.04932407534216,22.12844397057779,22.1337929693982,21.90311911550816,22.13672891852912,22.08033798274118,22.23856608103961,22.27300905727316,0.0666220256825909,0.06649292819201946,0.06634395255241543,0.06659488077275455,0.06638595880940557,0.06635594123508781,0.06640806794166565,0.06647589441854507,0.06629111850634217,0.0663619083352387,0.0659330723574385,0.06571801239624619,0.065500094788149,0.06552501453552395,0.0656950930133462,0.0654709703521803,0.06540307553950697,0.06548195274081081,0.0654359512263909,0.06556693068705499
11,0.0007509565912187099,0.0007090034196153283,0.0007140003144741058,0.0007220781408250332,0.0007339721778407693,0.0007209628820419312,0.0007320174481719732,0.0007209316827356815,0.0007349913939833641,0.0007578869117423892,0.07289405667688698,0.0721200187690556,0.07242396264337003,0.07252188795246184,0.07240105315577239,0.07243301114067435,0.0725330519489944,0.07213997992221266,0.07209411857184023,0.07241998030804098,23.51611107215285,24.37644099409226,24.41136490786448,24.19470388942864,24.32419688650407,24.58916494273581,24.45055803994182,24.33072588173673,24.30300903518219,24.32278097863309,0.07330502127297223,0.0731239051092416,0.0728730201954022,0.07301798509433866,0.07310203032102436,0.07307907554786652,0.07317105203401297,0.07290793268475682,0.07297491491772234,0.07312009029556066,0.0724439105251804,0.07217794610187411,0.07203206955455244,0.07211907592136413,0.07225895940791816,0.07200889277737588,0.07222307822667062,0.07213788817171007,0.07228692108765244,0.07217989966738969
12,0.0008281065383926034,0.0007799392333254218,0.0007779749576002359,0.0007949585560709238,0.0008058903040364385,0.0007779247825965285,0.0008110103663057089,0.0008079820545390248,0.0007699570851400495,0.0007670781342312694,0.07935295894276351,0.07903900544624776,0.07895399478729814,0.0789060506504029,0.07904196891468018,0.07886289828456938,0.07886089000385255,0.07885691476985812,0.07896108308341354,0.07883906527422369,25.58154793037102,26.5663630272029,26.43028489360586,26.43915211001877,26.69598789117299,26.54530511144549,26.50823496410158,26.70518489624374,26.56814006774221,26.43312388181221,0.08000908582471311,0.07991508231498301,0.07971606799401343,0.07961997424717993,0.07980110275093466,0.07975501066539437,0.07934089924674481,0.07982011116109788,0.07980595075059682,0.07972196768969297,0.07908897555898875,0.07856104802340269,0.07852998096495867,0.07862401625607163,0.07867690024431795,0.07853606145363301,0.07850398367736489,0.07852397416718304,0.07846997992601246,0.07860296661965549
13,0.000875015277415514,0.0008640990126878023,0.0008350264979526401,0.0008718863828107715,0.0008678877493366599,0.0008499543182551861,0.000833063037134707,0.0008450264576822519,0.000834914855659008,0.0008221023017540574,0.08613289939239621,0.08546409604605287,0.08539006416685879,0.08562296931631863,0.085453070118092,0.08540892542805523,0.08532505459152162,0.08518809697125107,0.08540999889373779,0.08525896829087287,27.80762500793207,28.82868092914578,28.70979709189851,28.90310810832307,28.87381891685072,28.76604007172864,28.54911493207328,29.13523191935383,28.95115099940449,28.86898407991976,0.0866198914591223,0.08620604209136218,0.08616409928072244,0.08634690125472844,0.0863329553976655,0.08668909000698477,0.0862659023841843,0.08632405265234411,0.08600197185296565,0.08623300888575613,0.0854709108825773,0.08539700927212834,0.08522502810228616,0.08553196303546429,0.08532008389011025,0.08489897474646568,0.08508998027537018,0.0853230026550591,0.08495502534788102,0.08504703477956355
14,0.0009311079047620296,0.0009229307761415839,0.0008950415067374706,0.0009158932371065021,0.0009160145418718457,0.0008949063485488296,0.000923984800465405,0.0008900722023099661,0.0009379747789353132,0.0009169082622975111,0.09245596348773688,0.09198199200909585,0.09190399770159274,0.0920491071883589,0.09243403631262481,0.09152590890880674,0.09207109245471656,0.0922380352858454,0.09208206203766167,0.09196393005549908,30.15693497296888,30.75136498443317,30.90286595304497,31.05203010386322,31.06466803338844,31.18426004238427,30.81448296259623,31.10713901242707,31.14683511073235,31.14538999588694,0.09332793531939387,0.09282695094589144,0.09259193297475576,0.09296093031298369,0.09291200619190931,0.09316011006012559,0.09298799454700202,0.09291009954176843,0.09281693492084742,0.09283511352259666,0.0921000016387552,0.09178503428120166,0.09143705060705543,0.09181202237959951,0.09193292772397399,0.09177688416093588,0.09173690679017454,0.09163092845119536,0.09178107813932002,0.09146489854902029
15,0.001019923714920878,0.0009629603009670973,0.0009890678338706493,0.0009860534919425845,0.0009760343236848712,0.0009699165821075439,0.0009760397952049971,0.0009721113601699471,0.0009740573586896062,0.001007067039608955,0.09921004134230316,0.09844792098738253,0.09858689503744245,0.09850798023398966,0.09856992831919342,0.0985720093594864,0.09839693375397474,0.09849910472985357,0.09885290497913957,0.09846392029430717,31.78420508292038,33.21738900151104,33.02509402390569,32.67064602556638,33.22663898475002,33.31168211228214,32.91807389014866,33.1393749252893,33.46274700493086,33.34278402675409,0.09998201567213982,0.09967104613315314,0.09948090452235192,0.09949593991041183,0.09967910381965339,0.09961903933435678,0.09939510247204453,0.09980510524474084,0.09941505931783468,0.09953505813609809,0.09853810421191156,0.09839608566835523,0.0982409636490047,0.09855393238831311,0.09842003707308322,0.09829100780189037,0.09842999232932925,0.0981269150506705,0.09825192193966359,0.09837708889972419
16,0.001033102045767009,0.001059902948327363,0.001026037847623229,0.001051916624419391,0.001057105138897896,0.001038967631757259,0.00103400053922087,0.001039099064655602,0.00103798252530396,0.001051026047207415,0.1057839144486934,0.1053541119908914,0.1052961023524404,0.1050249934196472,0.1049489368451759,0.1046659654239193,0.1051199588691816,0.1052250505890697,0.105115887708962,0.1052760565653443,34.24199204065371,35.19025692157447,35.13521508593112,35.49779901269358,35.53092105791438,35.11933189735282,35.27966608747374,35.39016608300153,35.62170511577278,35.54457811370958,0.1065050753531978,0.1061959541402757,0.1061759549193084,0.1058310059597716,0.1060849885689095,0.1060390198836103,0.1061100998194888,0.106100951670669,0.1060119734611362,0.1059339512139559,0.10510998533573,0.1047399076633155,0.1048060281900689,0.1047480246052146,0.1051208993885666,0.1047698991606012,0.1050209302920848,0.1048100341577083,0.1047910324996337,0.1048230194719508
17,0.001118974993005395,0.001114883460104465,0.001121008419431746,0.001095940475352108,0.001090882229618728,0.001104072667658329,0.001106095383875072,0.001124914968386292,0.001093986677005887,0.001099071814678609,0.1124099568696693,0.1120469714514911,0.111583897494711,0.1115689099533483,0.111935050575994,0.1113209821050987,0.1117100048577413,0.1118760356912389,0.1114391018636525,0.112060941872187,36.38552495383192,37.85014208673965,37.57066306797788,37.61891710083,37.57065407675691,37.32261988986284,37.41445205186028,37.66646895126905,37.90634299244266,37.87612508307211,0.1129760965704918,0.1128509975969791,0.1126139592379332,0.1127590253017843,0.1127630743430927,0.1128058878239244,0.1127069351496175,0.1127360519021749,0.112809922080487,0.1127190907718614,0.1116769420914352,0.1115170195698738,0.111279969336465,0.1111778848571703,0.1113390264799818,0.1111479246756062,0.1112329621100798,0.1113109916914254,0.1111309984698892,0.1113239583792165
18,0.001166884088888764,0.001173993572592735,0.001174931414425373,0.001161082182079554,0.001159052830189466,0.00117897056043148,0.001155892619863153,0.001146959257312119,0.001174117904156446,0.001168005052022636,0.1191678975010291,0.1180950001580641,0.1182429842883721,0.1181719633750618,0.1183250797912478,0.1183339703129604,0.1181659726426005,0.1182369535090402,0.118245886056684,0.1182179257739335,38.25692591979168,39.43291200557724,39.68066793179605,39.79197991325054,39.74799601116683,39.6092580340337,39.7649059293326,39.79034909978509,39.95449397247285,39.7682220992865,0.120074991020374,0.1195050455862656,0.1189279675018042,0.1191450364422053,0.1193200707202777,0.1192810568027198,0.1195159589406103,0.1191380061209202,0.1191479322733358,0.1193631107453257,0.118383115506731,0.1181960435351357,0.1176799847744405,0.1178320926846936,0.1178090351168066,0.1175209297798574,0.1179209896363318,0.118044976494275,0.1178370348643512,0.1179320140508935
19,0.001274104462936521,0.001224913168698549,0.001255076844245195,0.001200027531012893,0.001273904461413622,0.001272000838071108,0.001256040646694601,0.001217003562487662,0.001198962912894785,0.001235097763128579,0.1255371142178774,0.1248179906979203,0.1240440211258829,0.1248710463987663,0.1249400136293843,0.1244450173107907,0.1248480312060565,0.1248639489058405,0.1244589354610071,0.1244330691406503,40.83822402264923,41.98273302277084,41.93637895979919,41.98965191107709,41.93205802154262,42.13492911448702,42.22546906874049,42.12126001249999,42.13074602582492,42.55521195498295,0.1266320667928085,0.1258429244626313,0.1259339168900624,0.1261809518327937,0.1261400770163164,0.1259330856846645,0.1260689155897126,0.1259369977051392,0.1263510510325432,0.1258560854475945,0.1250399650307372,0.1244830412324518,0.1245499114738777,0.12460299115628,0.124678885913454,0.1245950802695006,0.1244659653166309,0.1246939391130581,0.1245330515084788,0.1245780893368647
20,0.001294115209020674,0.001275905524380505,0.001267972285859287,0.001272076740860939,0.001304962206631899,0.001285079983063042,0.001292903092689812,0.001312948763370514,0.001296993694268167,0.001319016679190099,0.1318600977538154,0.1313941073603928,0.1312930883141235,0.1311710932059214,0.131727076950483,0.1311140297912061,0.1309479387709871,0.1314640037016943,0.1310459763044491,0.1314010646892712,42.88704990711994,44.21237103175372,44.18546395632438,44.10840398538858,44.07766302325763,44.21905290393624,44.29393403697759,44.3332759256009,44.3720480381744,44.40390588296577,0.1330198862124234,0.1325971117476001,0.1323469639755785,0.1324880234897137,0.1326789914164692,0.1324290252523497,0.1327610815642402,0.1323080898728222,0.1327070962870494,0.1323729272698984,0.1315540738869458,0.1308080686721951,0.1310149756027386,0.1312049840344116,0.1311039786087349,0.1310310208937153,0.13124000641983,0.1312250101473182,0.1308839037083089,0.1307539977133274
21,0.001346105244010687,0.001365118660032749,0.001392078236676753,0.001376020605675876,0.001341912662610412,0.001297103124670684,0.001356041873805225,0.001362973358482122,0.001359090209007263,0.001364976516924798,0.1387601125752553,0.1373929134570062,0.1375659317709506,0.1381100866710767,0.1377280725864694,0.1378290393622592,0.1377718966687098,0.1380279139848426,0.1379148919368163,0.1380390097619966,44.76222508819774,46.32779303425923,45.92385796073359,46.37116304447409,46.20597502321471,46.44949590053875,46.64851097832434,46.51234288769774,46.69117392238695,46.71590610896237,0.1395561144454405,0.1393490643240511,0.1391449463553727,0.1391710659954697,0.1389789731474593,0.1387520674616098,0.1387630046810955,0.138890917180106,0.1390170434024185,0.1393169250804931,0.1377200104761869,0.137447960791178,0.1375139753799886,0.1375870611518621,0.1375188952079043,0.1374169504269958,0.1374349802499637,0.1376021003816277,0.137476056930609,0.1376510079717264
22,0.001464106841012836,0.001443006913177669,0.00142202596180141,0.001410917146131396,0.001369892619550228,0.00140703737270087,0.001405993709340692,0.001407936098985374,0.001429969677701592,0.001397921470925212,0.1451070969924331,0.1446640309877694,0.1446540309116244,0.1441589356400073,0.1443479190347716,0.1442671089898795,0.1448470653267577,0.1443610539427027,0.144263961003162,0.1445790530415252,47.13759889313951,48.57381695462391,48.51355911395513,48.35701302194502,48.50724989315495,48.74029090686236,49.15819707559422,48.83088800765108,48.52633709693328,48.88215199951082,0.1468220327515155,0.146258091321215,0.1455489238724113,0.1458059940487146,0.1459599739173427,0.1458799859974533,0.1458890624344349,0.1456998876528814,0.1458331014728174,0.1455760239623487,0.1444429304683581,0.1440109020331874,0.143973029917106,0.144096084870398,0.1441000000340864,0.1441349749220535,0.1440719451056793,0.1437160747591406,0.14442005881574,0.1438239039853215
23,0.001533053466118872,0.001553046400658786,0.001505890628322959,0.001473067328333855,0.001451929449103773,0.001554903108626604,0.001456054276786745,0.001487904461100698,0.001508070039562881,0.001519968383945525,0.1520749485353008,0.1505749673815444,0.1505590444430709,0.1513250970747322,0.1513199862092733,0.1515019166981801,0.1511460116598755,0.1513929599896073,0.1507850522175431,0.1510649832198396,48.92263696179725,50.78038897132501,50.57091897609644,50.73331598984078,50.8108718857402,50.96809190290514,51.37826495675836,51.15624094975647,50.85472696309444,51.14381408330519,0.1531749148853123,0.1524050520965829,0.1521388984983787,0.1522939581191167,0.1521730055101216,0.152700089616701,0.1525529193459079,0.1524479226209223,0.1524790845578536,0.1523389093345031,0.1510129574453458,0.1507609087275341,0.1506890687160194,0.1507039640564471,0.1507988896919414,0.150849022436887,0.1506440027151257,0.1505409101955593,0.1506430777953938,0.1508320927387103
24,0.001529933302663267,0.001550899934954941,0.001567108556628227,0.001567937200888991,0.001533018657937646,0.001505083404481411,0.001568103674799204,0.001558961695991457,0.001537940348498523,0.001549081411212683,0.1580558815039694,0.1575909666717052,0.1576009165728465,0.1574840763350949,0.1578309204196557,0.1575789728667587,0.1578530044062063,0.1577739686472341,0.1572698816889897,0.1573950555175543,51.38363297260366,52.80524802708533,53.18795910908375,52.96783290186431,52.59164308547042,53.18422990792897,53.06837908911984,53.49335292354226,53.27410109201446,53.36730409599841,0.1588859205367044,0.1587091099936515,0.1589321126230061,0.1587690111482516,0.1587089033564553,0.1590220163343474,0.1589270767290145,0.1588709464995191,0.1590909860096872,0.1595869685988873,0.1575270302128047,0.1572599409846589,0.1569260685937479,0.1571420916588977,0.1569460654864088,0.156947088544257,0.156972085707821,0.1575329375918955,0.157473916769959,0.1573589886538684
25,0.001637933659367263,0.001640118542127311,0.001613032072782516,0.00158590218052268,0.001614048145711422,0.00161607121117413,0.0016210344620049,0.001655887346714735,0.001582040684297681,0.001624076743610203,0.1640830703545362,0.1640890167327598,0.164183109998703,0.1636779214022681,0.1641609339276329,0.1639400960411876,0.164212959818542,0.1643670499324799,0.1642279209336266,0.1644039952661842,53.09624993964098,55.20460093242582,55.42280389671214,54.9769051092444,55.21136689360719,55.18317006970756,55.73399689793587,55.3400960159488,55.30167207703926,55.56123800645582,0.1653779535554349,0.1661040344042704,0.1655039772158489,0.165351960924454,0.1651399147231132,0.1649749487405643,0.1653989889891818,0.1651969783706591,0.1659110544715077,0.1661989152198657,0.1637720179278404,0.1636010747170076,0.1634249249473214,0.1635140661383048,0.163367927656509,0.1634939010255039,0.1639490794623271,0.1637659629341215,0.1635980217251927,0.1637371112592518
26,0.001719069899991155,0.00171707954723388,0.001734882709570229,0.00171090173535049,0.00175010587554425,0.001637088018469512,0.00168303947430104,0.001652935869060457,0.001584887620992959,0.001614979119040072,0.1705849522259086,0.1709620149340481,0.1703629366820678,0.1701379895675927,0.1704840931342915,0.1707550856517628,0.1709050224162638,0.1706489594653249,0.1710099069168791,0.1707931034034118,55.35084095480852,57.39812508458272,57.43827810592484,57.47303103387821,57.43725895369425,57.45949205639772,58.1086450740695,57.22058011905756,57.8154520081589,57.66703097347636,0.1717659941641614,0.1718990179942921,0.1720040590735152,0.1722099491162226,0.1721209078095853,0.1722220474621281,0.1726170710753649,0.1728679309599102,0.1719231070019305,0.1718600287567824,0.1702001095982268,0.170106056262739,0.1701850011013448,0.1701358975842595,0.1701660247053951,0.1700170286931098,0.1702039790106937,0.1700979763409123,0.1704481113702059,0.1697899756254628
27,0.001741919782944024,0.00175204873085022,0.001773076946847141,0.001714895479381084,0.001770935603417456,0.001666904776357114,0.001751981326378882,0.00177007494494319,0.001789926667697728,0.001739111030474305,0.1772259138524532,0.1772228901972994,0.177041937597096,0.1772468839772046,0.1776819420047104,0.1775169080356136,0.1770870544714853,0.177249034983106,0.176883906009607,0.1766090191667899,57.42219491268042,59.82545508793555,59.54053104878403,59.02013495517895,59.58842789928894,59.7068920431193,60.15439591242466,59.62114100670442,60.03272289654706,60.13761490641627,0.1783629932906479,0.1788820042274892,0.1789830416673794,0.1790809885133058,0.1790840302128345,0.1787429888499901,0.1783750066533685,0.179134962731041,0.1789479521103203,0.179699900210835,0.1767160203307867,0.1762990934075788,0.1766099487431347,0.1769839982734993,0.1765980399213731,0.1766830297419801,0.1768058810848743,0.1770179972518235,0.1767949993954971,0.1767909289337695
28,0.001771089271642268,0.001842924859374762,0.001823882339522243,0.00178389938082546,0.001898894319310784,0.001790007227100432,0.001778073026798666,0.001797996577806771,0.001814966439269483,0.001845949096605182,0.1838379962136969,0.1840899288654327,0.1834189598448575,0.183551031164825,0.1840001083910465,0.1832618938060477,0.1845469268737361,0.1837020616512746,0.1836581039242446,0.1838140920735896,59.86121302528773,62.04304890998174,61.96237908920739,61.85184807667974,61.71533897332847,61.65928390261251,62.67501490586437,61.96132894989569,62.46021290740464,62.13525792350993,0.1850430417107418,0.1854879641905427,0.1855560233816504,0.1851280563278124,0.1849489872111008,0.1850549854571,0.1853758924407884,0.1855861179064959,0.1860011128010228,0.1853571155807003,0.183205010718666,0.1831239050952718,0.1833869686815888,0.1837519493419677,0.1833819461753592,0.1834620865993202,0.1834138900740072,0.1833400687901303,0.1832399305421859,0.1833149482263252
29,0.001817041076719761,0.001864004647359252,0.001901092589832842,0.001803100691176951,0.001976076862774789,0.001832062262110412,0.001900119008496404,0.001884922618046403,0.001776112359948456,0.001811074442230165,0.1893989333184436,0.190328981494531,0.1896409224718809,0.1904479205841199,0.1902010896010324,0.1905960799194872,0.1903159025823697,0.1902299650246277,0.1903251119656488,0.1903060266049579,61.79885708750226,63.88132402522024,64.35831704223529,63.81751199346036,64.12918297201395,64.0151959026698,64.50299905927386,64.73777095240075,64.17181401676498,64.25091495853849,0.1915490527171642,0.1925518853822723,0.1923240567557514,0.1917011094046757,0.1928070693975314,0.1916390154510736,0.1922929049469531,0.1918760695261881,0.1924019649159163,0.1924271057359874,0.1895130554912612,0.1896939142607152,0.1899350138846785,0.1898341005435213,0.1892859904328361,0.1899749954463914,0.1898520948598161,0.1899400152033195,0.189949959050864,0.1899801122490317
30,0.001899053459055722,0.001864913036115468,0.00191192515194416,0.001878101262263954,0.00198792340233922,0.001982090761885047,0.001917022047564387,0.001886965939775109,0.001921896240673959,0.001907008700072765,0.1964890223462135,0.1966260288609192,0.1965660261921585,0.1967801040736958,0.1967799689155072,0.1970210967119783,0.1973399242851883,0.1970310546457767,0.1963779836660251,0.1968749244697392,63.66844594571739,66.58925105375238,66.5596430398291,66.2474460642552,66.65991688275244,66.51966301572975,66.39351607754361,66.55718791368417,66.73371710965876,66.60865899396595,0.1981901053804904,0.1985149253159761,0.1990109225735068,0.1982209170237184,0.1987839642679319,0.1988840715494007,0.1987579268170521,0.1987220773007721,0.1983520579524338,0.1986531163565814,0.1964430513326079,0.1965481055667624,0.1960590000962839,0.1963270674459636,0.1962501088855788,0.1961129878181964,0.1960279201157391,0.1964031180832535,0.1962558859959245,0.1962240601424128
31,0.001918890164233744,0.002000000677071512,0.002076023956760764,0.00198802282102406,0.002014027209952474,0.001944089424796402,0.001924090902321041,0.002071018097922206,0.001981890178285539,0.001964058727025986,0.202188977622427,0.2028880788711831,0.2029259009286761,0.2034670683788136,0.2032640851102769,0.2034430039348081,0.2032090788707137,0.2031539018498734,0.2037089425139129,0.2036209924845025,66.18295288237277,68.81917799345683,68.77414609899279,68.33928405633196,68.61243596731219,68.35707111854572,68.54120103572495,69.01997893338557,68.69465588917956,68.92885500832926,0.2048188872868195,0.2053490404505283,0.2055139319272712,0.204918026109226,0.2054661088623106,0.204957916517742,0.2054581188131124,0.2054818925680593,0.2046340990345925,0.2057019789936021,0.2026870814152062,0.2029959521023557,0.2029610964236781,0.2029320448637009,0.2032469570403919,0.2028488810174167,0.2025198810733855,0.2031790050677955,0.2031220743665472,0.2026318854186684
32,0.00213697599247098,0.00207690941169858,0.002035054843872786,0.002043044078163803,0.002025005291216075,0.00199589622206986,0.00202196033205837,0.002012048964388669,0.002037053927779198,0.00197990785818547,0.2103621026035398,0.2104390711756423,0.2104658934986219,0.2097650149371475,0.2104130495572463,0.2101160739548504,0.2096819119760767,0.2105590142309666,0.2098079388961196,0.2094871059525758,68.33298097213265,70.52638098457828,71.07961205777247,70.69173493771814,70.11255390429869,70.18175204447471,69.83792004280258,71.00330709572881,71.17070994630922,71.21227811742574,0.2109250861685723,0.2115939280483872,0.2116909540491179,0.2120721061946824,0.2116529823979363,0.2122389909345657,0.2123960978351533,0.2123439508723095,0.212322010891512,0.2113459026440978,0.2094129036413506,0.209562080912292,0.2092919778078794,0.2098740907385945,0.2096991067519411,0.208876890479587,0.2097600715933368,0.2096068998798728,0.209533940651454,0.2087799181463197
33,0.002082010149024427,0.002084897831082344,0.002071969327516854,0.00207895680796355,0.002138117793947458,0.002205015043728054,0.002184093813411891,0.002056033117696643,0.002165983663871884,0.002094032824970782,0.2161810656543821,0.2164059069473296,0.2169470847584307,0.2165021185064688,0.2169539596652612,0.2163280997192487,0.2168049208121374,0.2165668909437954,0.2161739305593073,0.215962982038036,70.33570304501336,73.24606996495277,73.25599993253127,73.23537104739808,73.08239089336712,73.23926607426256,70.67216491245199,73.17975697002839,73.06754292349797,73.51494102180004,0.2183040877571329,0.2182339697610587,0.2185009887907654,0.2187300396617502,0.2187900606077164,0.2186701147584245,0.2197589547140524,0.2179500032216311,0.2188590450678021,0.2178669112036005,0.2163939960300922,0.2159930724883452,0.2156040627742186,0.2159549933858216,0.2160999327898026,0.2160699114901945,0.2161578937666491,0.2165080161066726,0.2161060606595129,0.2162879864918068
34,0.00217796815559268,0.002118025091476738,0.002218114561401308,0.002174900844693184,0.00214588176459074,0.002207047073170543,0.002235907129943371,0.00227398460265249,0.00224204920232296,0.002168015344068408,0.2230118946172297,0.2231218941742554,0.222910086158663,0.2233040261780843,0.2231100942008197,0.2232919395901263,0.2250500436639413,0.2227640205528587,0.2237478941679001,0.2233361011603847,72.25747798953671,74.71688889281359,74.89318803895731,75.44435511156917,75.12873010651674,75.08044194581453,72.89417904394213,75.34464593185112,75.7041110903956,75.62756000005174,0.2238510755123571,0.2252279474632815,0.2245239521143958,0.224741059821099,0.2254269539844245,0.2252719532698393,0.2258600895293057,0.2249429140938446,0.224957904079929,0.225379012641497,0.2222099234350026,0.2228669949108735,0.2219520958606154,0.222443004255183,0.22268596815411,0.2223009396111593,0.2228118971688673,0.2227081101154909,0.2227668876294047,0.2227609489345923
35,0.002216959139332175,0.002242909395135939,0.002169014536775649,0.002278065425343812,0.002313080709427595,0.00227609823923558,0.002228932688012719,0.002256049774587154,0.002257937914691865,0.002251959755085409,0.2293930232990533,0.2299570854520425,0.2302420540945604,0.2295969554688781,0.2296589233446866,0.2291280877543613,0.2298549370607361,0.2292489206884056,0.2296510935993865,0.230535029550083,75.10032108344603,77.29343190824147,77.44712492031977,77.55022993613966,77.37756600778084,77.13787008402869,74.706279041362,77.71571408503223,77.64490899955854,77.42113611777313,0.2305981136159971,0.2315111085772514,0.2320661136182025,0.231510061188601,0.2327511062612757,0.232177016325295,0.232456914964132,0.2313170664710924,0.2327740074833855,0.2311439362820238,0.2288100605364889,0.2284351112321019,0.2288298857165501,0.2291350174928084,0.2293730938108638,0.2289809699868783,0.229979918920435,0.2293659034185112,0.2292269147001207,0.2289169112918898
36,0.002236908301711082,0.00233799812849611,0.002379951532930136,0.00231090746819973,0.00240504217799753,0.002312924829311669,0.002260899869725108,0.002292004297487438,0.002235967316664755,0.002260000677779317,0.2363489454146475,0.2357690451899543,0.2364610368385911,0.2364508958999068,0.2365909015061334,0.2361319594783708,0.2381299956468865,0.2361821124795824,0.2364980574930087,0.236015010625124,76.82138209708501,79.51056889200117,78.94626999297179,79.74863010388799,79.8949319657404,79.31037593318615,77.15378011425491,79.19976906455122,79.90679391287267,80.11367504787631,0.2379568975884467,0.2382289940724149,0.2382129632169381,0.2383330162847415,0.2383350854506716,0.2380609103711322,0.239080089959316,0.2379959573736414,0.2379380393540487,0.2374088895739987,0.2356370086781681,0.2357978841755539,0.23538911214564,0.2357219560071826,0.2357961178058758,0.2356578856706619,0.2364450179738924,0.2355660209432244,0.2359170386334881,0.2358699396718293
37,0.002419932512566447,0.002416974981315434,0.002359998063184321,0.002353055984713137,0.002317023230716586,0.002259073895402253,0.002485948032699525,0.002383000333793461,0.002425112179480493,0.00244393537286669,0.2422581025166437,0.2427611055318266,0.2428011106094345,0.2431720825843513,0.2424020974431187,0.2425020375521854,0.2442999834893271,0.2427339862333611,0.2427380901062861,0.2431169324554503,81.38794209621847,81.00208008894697,81.31618503981736,81.7862100788625,81.90176590089686,81.96387294353917,79.13238506764174,82.02587391110137,81.80362000816967,82.52644000342116,0.2447490519843996,0.2449709918582812,0.2449659551493824,0.2449669779743999,0.2454940368188545,0.2456209469819441,0.245904057752341,0.2443829708499834,0.2446000594645739,0.2445280575193465,0.2422380482312292,0.2416310736443847,0.2422828979324549,0.2424309207126498,0.243017882341519,0.2427150995936245,0.2430149691645056,0.2414610390551388,0.2422659284202382,0.2418929288396612
38,0.002508115372620523,0.002475969027727842,0.002484003314748406,0.002456113928928971,0.002499896916560829,0.002383097889833152,0.002311083255335689,0.002526927040889859,0.002409915206953883,0.002524040639400482,0.249293070519343,0.2483580181142315,0.2493739461060613,0.2494769516633824,0.2508140577701852,0.2496030838228762,0.2508010715246201,0.2496659081662074,0.2498359135352075,0.2486858827760443,83.58330004708841,83.7642739333678,83.86899895977695,83.81136096850969,84.01087902323343,83.65140493097715,81.30065491166897,84.58102309750393,84.32191991829313,84.46924892615061,0.2503610179992393,0.2511269643437117,0.2518859079573303,0.25179809180554,0.2529548964230344,0.250797986285761,0.252723982790485,0.2517830788856372,0.2507169594755396,0.2520390674471855,0.2491319257533178,0.2489608862670138,0.2486628971528262,0.2489681037841365,0.2491250551538542,0.2487861178815365,0.2494799769483507,0.2485170649597421,0.2489149613538757,0.2488310382468626
39,0.002481973846442997,0.002494079410098493,0.002531113452278078,0.002486097975634038,0.002453977824188769,0.002455025445669889,0.002464940771460533,0.002548908698372543,0.002516930806450546,0.002441931050270796,0.2564221086213365,0.256015962222591,0.2547510414151475,0.2552678950596601,0.2573979613371193,0.255310055334121,0.2572159107076004,0.2554689553799108,0.2558941176394001,0.2561810276238248,86.11841389292385,85.80726791906636,86.52473895461299,86.14694991672877,86.17344704410061,85.81609392329119,83.56693390686996,86.67865503649227,86.67920309840702,86.80045690620318,0.2586059529567137,0.2586719277314842,0.2576060789870098,0.2584580616094172,0.2603750634007156,0.2584809145191684,0.2588479494443163,0.2576320334337652,0.258755024173297,0.258422103128396,0.2556790614034981,0.2557180473813787,0.2551369295688346,0.2551680426113307,0.2562660133698955,0.2554480537073687,0.2554109240882099,0.2550299428403378,0.2555430284701288,0.2556470853742212
40,0.002545042661949992,0.00253293476998806,0.002462935750372708,0.002536961692385375,0.002562061185017228,0.002629069378599524,0.00257694092579186,0.002638952573761344,0.002483007730916142,0.002631067880429327,0.2619970429223031,0.2621639553690329,0.2622850051848218,0.2626299292314798,0.2638730410253629,0.2626720073167235,0.2624970925971866,0.2629349232884124,0.26203004992567,0.262086906353943,87.89035788550973,88.61176000442356,88.2122139375424,88.19112301571295,89.02070791367441,88.30817589373328,85.32676602446008,88.45287092670333,88.90501609025523,88.94908191834111,0.2642440453637391,0.2639230627100915,0.2650990957627073,0.2643699198961258,0.2662999808089808,0.2649560044519603,0.264146969653666,0.2651220400584862,0.2647330577019602,0.2652089798357338,0.2621640312718228,0.262272045831196,0.2619959737639874,0.2612318817991763,0.2628989444347098,0.2619379335083067,0.2618900913512334,0.2615560297854245,0.2613459081621841,0.2612769930856302
41,0.00269707350526005,0.002589899115264416,0.002570107812061906,0.002663909108377993,0.002626948873512447,0.002628957037813962,0.002629083348438144,0.002555999904870987,0.002561971312388778,0.002610959229059517,0.2691169163445011,0.2690169377019629,0.269302888889797,0.2684680379461497,0.2692280790070072,0.2686389413429424,0.268721021246165,0.2691928939893842,0.2682809444377199,0.2682050169678405,90.56726110330783,90.61509088310413,90.26220392400865,91.01402201503515,90.90264611656312,90.70025697222445,87.51464703620877,90.57083988643717,90.83018108003307,91.12451796978712,0.2710820152424276,0.2719269490335137,0.2714059051359072,0.2713940081885085,0.2727970110718161,0.2718300606356934,0.2704719884786755,0.2715681095141917,0.2714219174813479,0.2709509650012478,0.2680879179388285,0.2686940883286297,0.2676690884400159,0.2685511123854667,0.2690520683536306,0.2681300973054022,0.2680961036821827,0.2676420224597678,0.2676788882818073,0.2687480973545462
42,0.002663973718881607,0.002730044536292553,0.002703098813071847,0.00258892762940377,0.002757919835858047,0.002715959795750678,0.002666060114279389,0.002746927784755826,0.002668030909262598,0.002667978871613741,0.27561900310684,0.2751548930536956,0.2760458886623383,0.275275919935666,0.2773321117274463,0.275511113461107,0.2741779967909679,0.2740858949255198,0.2744441066170111,0.2765470546437427,92.66817503864877,92.71365689788945,93.05756801587995,92.86020409292541,92.9878239245154,92.48713096720167,89.85311889520381,92.78442806133535,93.2533368836157,93.66816202597693,0.2772280417848378,0.2773819084977731,0.2770630939630792,0.2793591170338914,0.2796661126194522,0.2779629997676238,0.2770049116807058,0.2782019008882344,0.2779078900348395,0.2773130699060857,0.2750299902400002,0.2746689380146563,0.2750439355149865,0.2761770734796301,0.2760510921943933,0.2741550032515079,0.2749439273029566,0.2745159625774249,0.2748439682181925,0.2745530487736687
43,0.002755058580078185,0.002787886303849518,0.002806943957693875,0.002703024190850556,0.002720927936024964,0.002753028296865523,0.002797025255858898,0.002716021845117211,0.002713963505811989,0.002700106822885573,0.2819560584612191,0.2823770374525338,0.2823130679316819,0.2838510987348855,0.283631028374657,0.2815439422847703,0.2815971164964139,0.2818749834550545,0.2819910708349198,0.2825999960768968,94.7558610207634,94.72343795932829,95.27164607809391,95.4553410706576,94.92665206070524,95.12460209080018,92.17044195195194,95.63486396847293,95.73175294604152,95.85607495019212,0.2835161078255624,0.2853118941420689,0.2845049682073295,0.2860579756088555,0.2861850652843714,0.285522970603779,0.2846169989788905,0.2842280279146507,0.2848949865438044,0.2848860068479553,0.282287051086314,0.2817670754157007,0.2811509580351412,0.2825239530066028,0.2819199656369165,0.2813759130658582,0.2809078856371343,0.2813721064012498,0.2806869697524235,0.2814060036325827
44,0.002844088361598551,0.002812064019963145,0.002801112947054207,0.002857962739653885,0.002815935877151787,0.002784908167086542,0.002855942817404866,0.002815962652675807,0.002842040965333581,0.002838050713762641,0.289033111766912,0.2890848965616897,0.2878379126777872,0.2907460188725963,0.2906019537476823,0.2881801124894992,0.2881279526045546,0.2885869804304093,0.2896930248243734,0.2885468956083059,96.72480300266761,96.85582291171886,97.84323809540365,97.40355697181076,97.40069810359273,97.25762707192916,94.44448397995438,98.06866409827489,97.62033011892345,96.98866702150553,0.2906320701586083,0.291153023019433,0.2909438931383193,0.2925070541677997,0.2911660699173808,0.2918349745450541,0.2901288974098861,0.2914339372655377,0.2915709365624934,0.2913459232077003,0.2881258877459913,0.2879819954978302,0.2882960048737004,0.2889960937900469,0.2874739293474704,0.2881860234774649,0.2879711160203442,0.2877100063487887,0.2875640075653791,0.2877499685855582
45,0.002924007712863386,0.002939934958703816,0.002805900876410306,0.002968085464090109,0.00295189255848527,0.002925115171819925,0.002930022776126862,0.002818981418386102,0.002942086895927787,0.002895889454521239,0.2959479225100949,0.2958239751169458,0.2957549322163686,0.2971559922443703,0.2952390580903739,0.2953448909102008,0.2954338844865561,0.2954659460810944,0.2966989813139662,0.2954160369699821,99.50949395936914,99.26870104286354,99.91272490285337,99.89234701532405,99.64709096646402,99.53478194156196,96.64728005125653,100.2886361185228,99.91424705286045,100.3565240852768,0.2975691168103367,0.2982529256260023,0.2980890824692324,0.2989800692303106,0.2971150139346719,0.2979789678938687,0.2966689864406362,0.2980130623327568,0.2976089761359617,0.2971610075328499,0.2950639073969796,0.2947070774389431,0.2939789815573022,0.2958419980714098,0.2944480912992731,0.2940310164121911,0.294371098629199,0.2933550169691443,0.2939450038829818,0.2940330702112988
46,0.00292390096001327,0.002904897788539529,0.002989024855196476,0.002900946070440114,0.002974119037389755,0.002905038185417652,0.002987943473272026,0.003000955330207944,0.003054902656003833,0.002885946189053357,0.3024670541053638,0.3015919853933156,0.3016259508440271,0.3032620868179947,0.3015810189535841,0.3016140795079991,0.3013580613769591,0.3003650066675618,0.3021430249791592,0.3015551072312519,101.7992540118285,101.6044329924043,102.187646102393,101.7419169716304,101.3340040395269,101.4054239136167,97.94069100334309,102.4052009156439,102.3745050467551,102.3656071155565,0.3043291027424857,0.3048480841098353,0.3050281031755731,0.3060020823031664,0.3042420734418556,0.3030619932105765,0.3041909683961421,0.3046840624883771,0.3049959166673943,0.3044580052373931,0.3014930577483028,0.3014231012202799,0.3008731142617762,0.3019451071741059,0.3010179122211412,0.3012900039320812,0.3013209744822234,0.3005130651872605,0.3007540216203779,0.3009700288530439
47,0.002951047965325415,0.003036908572539687,0.00314899964723736,0.003016062662936747,0.00298403121996671,0.003043895238079131,0.003111049882136285,0.003079962683841586,0.003124116221442819,0.003010069951415062,0.3081460214452818,0.3076779124094173,0.3079349466133863,0.3099670473020524,0.3076069639064372,0.3092619848903269,0.3082019054563716,0.3096850510919467,0.3091680508805439,0.3088680149521679,103.8281548948726,103.5171430467162,104.3823461120483,103.9679780785227,102.704715908505,104.106333019794,104.1565360421082,104.3730829857523,104.6627360691782,104.6008529637475,0.3116179388016462,0.3115139486035332,0.311616110149771,0.3128180371131748,0.3112240927293897,0.3106679617194459,0.3108060448430479,0.3109490225324407,0.3115300893550739,0.3118659104220569,0.307858960935846,0.3074579744134098,0.3079980928450823,0.3086949132848531,0.3073750354815274,0.3075268965912983,0.3074179353425279,0.3073381002759561,0.3072479026159272,0.3072550303768367
48,0.003002936718985438,0.003176977043040097,0.003161971108056605,0.003086000331677496,0.003069007769227028,0.002974996343255043,0.00308899232186377,0.003196981153450906,0.003028952050954103,0.003147973562590778,0.3154059349326417,0.3152450753841549,0.3144430898828432,0.3161968898493797,0.3143200171180069,0.3149009426124394,0.3152940208092332,0.3147100060014054,0.3137460621073842,0.3151591126807034,105.6459819163429,106.3093389961869,106.1380689049838,106.6677158979001,106.081114094588,105.6288469476858,106.4747559200041,106.2772570307134,106.961595906876,107.0454611025052,0.3173850597813725,0.3171431010123342,0.3180910955416039,0.3174960692413151,0.3180780000984669,0.3182380232028663,0.3177171152783558,0.3172560243401676,0.316583092440851,0.3168520297622308,0.3145059749949723,0.3143500641454011,0.3144300137646496,0.3141689344774932,0.3134359319228679,0.3141448834212497,0.3137549663661048,0.3140369770117104,0.3143530543893576,0.3153341019060463
49,0.003024079138413072,0.003169054514728487,0.003145895549096167,0.003101884620264173,0.003151065553538501,0.003157006460241973,0.00306990381795913,0.003100057365372777,0.003099945373833179,0.003115993109531701,0.3211450965609401,0.3210639280732721,0.3217519420431927,0.3213729921262711,0.3218801051843911,0.3201168936211616,0.3213990058284253,0.3212550723692402,0.3209510067244992,0.3194770340342075,108.2806961042807,107.4646860513603,107.9358939892845,108.599797886447,108.4055629295763,107.8874450617004,109.2804259589175,108.5894730301807,108.9124149945565,108.7962331175804,0.3245550816645846,0.3245060474146158,0.3239098897902295,0.3243158817058429,0.3240829184651375,0.3251400017179549,0.3238870848435909,0.3235859803389758,0.323049926199019,0.3242520918138325,0.3205070812255144,0.3203489758307114,0.3203741030301899,0.3203230218496174,0.3198829935863614,0.3206059287767857,0.3203560936963186,0.320580966072157,0.3201619233004749,0.3200288896914572
50,0.003282951307483017,0.003225924330763519,0.003180110245011747,0.003216911572962999,0.003111004130914807,0.003145100432448089,0.003041889634914696,0.003241933300159872,0.003191984025761485,0.003347988007590175,0.3277340461499989,0.3293531005037948,0.3277080628322437,0.3283059092937037,0.3281220981152728,0.3280369085259736,0.3282589329173788,0.3269409433705732,0.3276340157026425,0.3289330475963652,110.8244490717771,110.2467618866358,110.3891459371662,110.3133490682812,110.255412077764,110.7774990035687,111.4383580603171,110.699381095008,111.4940020844806,110.9379259272246,0.3297810408985242,0.3309170007705688,0.3298109989846125,0.3312570189591497,0.331370935193263,0.3309960024198517,0.3310669047059491,0.330120894825086,0.3300608935533091,0.3306390246143565,0.3273890973068774,0.3280969993211329,0.3281790676992387,0.3272340326802805,0.3273910775315017,0.3279928923584521,0.3276709381025285,0.3275389731861651,0.3266180997015908,0.3275130656547844
